{
	"info": {
		"_postman_id": "8fc1b4b9-b00d-4469-93b3-84087388ac9e",
		"name": "Binance Broker API",
		"description": "Binance official supported Postman collections.<br/>\n- API documents: https://binance-docs.github.io/Brokerage-API/General",
		"schema": "https://schema.getpostman.com/json/collection/v2.1.0/collection.json"
	},
	"item": [
		{
			"name": "Create a Sub Account",
			"request": {
				"method": "POST",
				"header": [
					{
						"key": "Content-Type",
						"type": "text",
						"value": "application/json"
					},
					{
						"key": "X-MBX-APIKEY",
						"type": "text",
						"value": "{{binance-api-key}}"
					}
				],
				"url": {
					"raw": "{{url}}/sapi/v1/broker/subAccount?timestamp={{timestamp}}&signature={{signature}}",
					"host": [
						"{{url}}"
					],
					"path": [
						"sapi",
						"v1",
						"broker",
						"subAccount"
					],
					"query": [
						{
							"key": "timestamp",
							"value": "{{timestamp}}"
						},
						{
							"key": "signature",
							"value": "{{signature}}"
						}
					]
				}
			},
			"response": []
		},
		{
			"name": "Enable Margin for Sub Account",
			"request": {
				"method": "POST",
				"header": [
					{
						"key": "Content-Type",
						"type": "text",
						"value": "application/json"
					},
					{
						"key": "X-MBX-APIKEY",
						"type": "text",
						"value": "{{binance-api-key}}"
					}
				],
				"url": {
					"raw": "{{url}}/sapi/v1/broker/subAccount/margin?subAccountId=&margin=&timestamp={{timestamp}}&signature={{signature}}",
					"host": [
						"{{url}}"
					],
					"path": [
						"sapi",
						"v1",
						"broker",
						"subAccount",
						"margin"
					],
					"query": [
						{
							"key": "subAccountId",
							"value": ""
						},
						{
							"key": "margin",
							"value": "",
							"description": "only true for now"
						},
						{
							"key": "timestamp",
							"value": "{{timestamp}}"
						},
						{
							"key": "signature",
							"value": "{{signature}}"
						}
					]
				}
			},
			"response": []
		},
		{
			"name": "Enable Futures for Sub Account",
			"request": {
				"method": "POST",
				"header": [
					{
						"key": "Content-Type",
						"type": "text",
						"value": "application/json"
					},
					{
						"key": "X-MBX-APIKEY",
						"type": "text",
						"value": "{{binance-api-key}}"
					}
				],
				"url": {
					"raw": "{{url}}/sapi/v1/broker/subAccount/futures?subAccountId=&futures=&timestamp={{timestamp}}&signature={{signature}}",
					"host": [
						"{{url}}"
					],
					"path": [
						"sapi",
						"v1",
						"broker",
						"subAccount",
						"futures"
					],
					"query": [
						{
							"key": "subAccountId",
							"value": ""
						},
						{
							"key": "futures",
							"value": "",
							"description": "only true for now"
						},
						{
							"key": "timestamp",
							"value": "{{timestamp}}"
						},
						{
							"key": "signature",
							"value": "{{signature}}"
						}
					]
				}
			},
			"response": []
		},
		{
			"name": "Create Api Key for Sub Account",
			"request": {
				"method": "POST",
				"header": [
					{
						"key": "Content-Type",
						"type": "text",
						"value": "application/json"
					},
					{
						"key": "X-MBX-APIKEY",
						"type": "text",
						"value": "{{binance-api-key}}"
					}
				],
				"url": {
					"raw": "{{url}}/sapi/v1/broker/subAccountApi?subAccountId=&canTrade=&marginTrade=&futuresTrade=&timestamp={{timestamp}}&signature={{signature}}",
					"host": [
						"{{url}}"
					],
					"path": [
						"sapi",
						"v1",
						"broker",
						"subAccountApi"
					],
					"query": [
						{
							"key": "subAccountId",
							"value": ""
						},
						{
							"key": "canTrade",
							"value": ""
						},
						{
							"key": "marginTrade",
							"value": ""
						},
						{
							"key": "futuresTrade",
							"value": ""
						},
						{
							"key": "timestamp",
							"value": "{{timestamp}}"
						},
						{
							"key": "signature",
							"value": "{{signature}}"
						}
					]
				}
			},
			"response": []
		},
		{
			"name": "Delete Sub Account Api Key",
			"request": {
				"method": "DELETE",
				"header": [
					{
						"key": "Content-Type",
						"type": "text",
						"value": "application/json"
					},
					{
						"key": "X-MBX-APIKEY",
						"type": "text",
						"value": "{{binance-api-key}}"
					}
				],
				"url": {
					"raw": "{{url}}/sapi/v1/broker/subAccountApi?subAccountId=&subAccountApiKey=&timestamp={{timestamp}}&signature={{signature}}",
					"host": [
						"{{url}}"
					],
					"path": [
						"sapi",
						"v1",
						"broker",
						"subAccountApi"
					],
					"query": [
						{
							"key": "subAccountId",
							"value": ""
						},
						{
							"key": "subAccountApiKey",
							"value": ""
						},
						{
							"key": "timestamp",
							"value": "{{timestamp}}"
						},
						{
							"key": "signature",
							"value": "{{signature}}"
						}
					]
				}
			},
			"response": []
		},
		{
			"name": "Query Sub Account Api Key",
			"request": {
				"method": "GET",
				"header": [
					{
						"key": "Content-Type",
						"type": "text",
						"value": "application/json"
					},
					{
						"key": "X-MBX-APIKEY",
						"type": "text",
						"value": "{{binance-api-key}}"
					}
				],
				"url": {
					"raw": "{{url}}/sapi/v1/broker/subAccountApi?subAccountId=&subAccountApiKey=&timestamp={{timestamp}}&signature={{signature}}",
					"host": [
						"{{url}}"
					],
					"path": [
						"sapi",
						"v1",
						"broker",
						"subAccountApi"
					],
					"query": [
						{
							"key": "subAccountId",
							"value": ""
						},
						{
							"key": "subAccountApiKey",
							"value": ""
						},
						{
							"key": "timestamp",
							"value": "{{timestamp}}"
						},
						{
							"key": "signature",
							"value": "{{signature}}"
						}
					]
				}
			},
			"response": []
		},
		{
			"name": "Change Sub Account Api Permission",
			"request": {
				"method": "POST",
				"header": [
					{
						"key": "Content-Type",
						"type": "text",
						"value": "application/json"
					},
					{
						"key": "X-MBX-APIKEY",
						"type": "text",
						"value": "{{binance-api-key}}"
					}
				],
				"url": {
					"raw": "{{url}}/sapi/v1/broker/subAccountApi?subAccountId=&subAccountApiKey=&canTrade=&marginTrade=&futuresTrade=&timestamp={{timestamp}}&signature={{signature}}",
					"host": [
						"{{url}}"
					],
					"path": [
						"sapi",
						"v1",
						"broker",
						"subAccountApi"
					],
					"query": [
						{
							"key": "subAccountId",
							"value": ""
						},
						{
							"key": "subAccountApiKey",
							"value": ""
						},
						{
							"key": "canTrade",
							"value": ""
						},
						{
							"key": "marginTrade",
							"value": ""
						},
						{
							"key": "futuresTrade",
							"value": ""
						},
						{
							"key": "timestamp",
							"value": "{{timestamp}}"
						},
						{
							"key": "signature",
							"value": "{{signature}}"
						}
					]
				}
			},
			"response": []
		},
		{
			"name": "Query Sub Account",
			"request": {
				"method": "GET",
				"header": [
					{
						"key": "Content-Type",
						"type": "text",
						"value": "application/json"
					},
					{
						"key": "X-MBX-APIKEY",
						"type": "text",
						"value": "{{binance-api-key}}"
					}
				],
				"url": {
					"raw": "{{url}}/sapi/v1/broker/subAccount?subAccountId=&timestamp={{timestamp}}&signature={{signature}}",
					"host": [
						"{{url}}"
					],
					"path": [
						"sapi",
						"v1",
						"broker",
						"subAccount"
					],
					"query": [
						{
							"key": "subAccountId",
							"value": ""
						},
						{
							"key": "timestamp",
							"value": "{{timestamp}}"
						},
						{
							"key": "signature",
							"value": "{{signature}}"
						}
					]
				}
			},
			"response": []
		},
		{
			"name": "Change Sub Account Commission",
			"request": {
				"method": "POST",
				"header": [
					{
						"key": "Content-Type",
						"type": "text",
						"value": "application/json"
					},
					{
						"key": "X-MBX-APIKEY",
						"type": "text",
						"value": "{{binance-api-key}}"
					}
				],
				"url": {
					"raw": "{{url}}/sapi/v1/broker/subAccountApi/commission?subAccountId=&makerCommission=&takerCommission=&marginMakerCommission=&marginTakerCommission=&timestamp={{timestamp}}&signature={{signature}}",
					"host": [
						"{{url}}"
					],
					"path": [
						"sapi",
						"v1",
						"broker",
						"subAccountApi",
						"commission"
					],
					"query": [
						{
							"key": "subAccountId",
							"value": ""
						},
						{
							"key": "makerCommission",
							"value": ""
						},
						{
							"key": "takerCommission",
							"value": ""
						},
						{
							"key": "marginMakerCommission",
							"value": ""
						},
						{
							"key": "marginTakerCommission",
							"value": ""
						},
						{
							"key": "timestamp",
							"value": "{{timestamp}}"
						},
						{
							"key": "signature",
							"value": "{{signature}}"
						}
					]
				}
			},
			"response": []
		},
		{
			"name": "Change Sub Account Futures Commission Adjustment",
			"request": {
				"method": "POST",
				"header": [
					{
						"key": "Content-Type",
						"type": "text",
						"value": "application/json"
					},
					{
						"key": "X-MBX-APIKEY",
						"type": "text",
						"value": "{{binance-api-key}}"
					}
				],
				"url": {
					"raw": "{{url}}/sapi/v1/broker/subAccountApi/commission/futures?subAccountId=&symbol=&makerAdjustment=&takerAdjustment=&timestamp={{timestamp}}&signature={{signature}}",
					"host": [
						"{{url}}"
					],
					"path": [
						"sapi",
						"v1",
						"broker",
						"subAccountApi",
						"commission",
						"futures"
					],
					"query": [
						{
							"key": "subAccountId",
							"value": ""
						},
						{
							"key": "symbol",
							"value": ""
						},
						{
							"key": "makerAdjustment",
							"value": ""
						},
						{
							"key": "takerAdjustment",
							"value": ""
						},
						{
							"key": "timestamp",
							"value": "{{timestamp}}"
						},
						{
							"key": "signature",
							"value": "{{signature}}"
						}
					]
				}
			},
			"response": []
		},
		{
			"name": "Query Sub Account Futures Commission Adjustment",
			"request": {
				"method": "GET",
				"header": [
					{
						"key": "Content-Type",
						"type": "text",
						"value": "application/json"
					},
					{
						"key": "X-MBX-APIKEY",
						"type": "text",
						"value": "{{binance-api-key}}"
					}
				],
				"url": {
					"raw": "{{url}}/sapi/v1/broker/subAccountApi/commission/futures?subAccountId=&symbol=&timestamp={{timestamp}}&signature={{signature}}",
					"host": [
						"{{url}}"
					],
					"path": [
						"sapi",
						"v1",
						"broker",
						"subAccountApi",
						"commission",
						"futures"
					],
					"query": [
						{
							"key": "subAccountId",
							"value": ""
						},
						{
							"key": "symbol",
							"value": ""
						},
						{
							"key": "timestamp",
							"value": "{{timestamp}}"
						},
						{
							"key": "signature",
							"value": "{{signature}}"
						}
					]
				}
			},
			"response": []
		},
		{
			"name": "Broker Account Information",
			"request": {
				"method": "GET",
				"header": [
					{
						"key": "Content-Type",
						"type": "text",
						"value": "application/json"
					},
					{
						"key": "X-MBX-APIKEY",
						"type": "text",
						"value": "{{binance-api-key}}"
					}
				],
				"url": {
					"raw": "{{url}}/sapi/v1/broker/info?timestamp={{timestamp}}&signature={{signature}}",
					"host": [
						"{{url}}"
					],
					"path": [
						"sapi",
						"v1",
						"broker",
						"info"
					],
					"query": [
						{
							"key": "timestamp",
							"value": "{{timestamp}}"
						},
						{
							"key": "signature",
							"value": "{{signature}}"
						}
					]
				}
			},
			"response": []
		},
		{
			"name": "Sub Account Transfer",
			"request": {
				"method": "POST",
				"header": [
					{
						"key": "Content-Type",
						"type": "text",
						"value": "application/json"
					},
					{
						"key": "X-MBX-APIKEY",
						"type": "text",
						"value": "{{binance-api-key}}"
					}
				],
				"url": {
					"raw": "{{url}}/sapi/v1/broker/transfer?fromId=&toId=&clientTranId=&asset=&amount=&timestamp={{timestamp}}&signature={{signature}}",
					"host": [
						"{{url}}"
					],
					"path": [
						"sapi",
						"v1",
						"broker",
						"transfer"
					],
					"query": [
						{
							"key": "fromId",
							"value": ""
						},
						{
							"key": "toId",
							"value": ""
						},
						{
							"key": "clientTranId",
							"value": ""
						},
						{
							"key": "asset",
							"value": ""
						},
						{
							"key": "amount",
							"value": ""
						},
						{
							"key": "timestamp",
							"value": "{{timestamp}}"
						},
						{
							"key": "signature",
							"value": "{{signature}}"
						}
					]
				}
			},
			"response": []
		},
		{
			"name": "Query Sub Account Transfer History",
			"request": {
				"method": "GET",
				"header": [
					{
						"key": "Content-Type",
						"type": "text",
						"value": "application/json"
					},
					{
						"key": "X-MBX-APIKEY",
						"type": "text",
						"value": "{{binance-api-key}}"
					}
				],
				"url": {
					"raw": "{{url}}/sapi/v1/broker/transfer?subAccountId=&clientTradId=&startTime=&endTime=&page=&limit=&timestamp={{timestamp}}&signature={{signature}}",
					"host": [
						"{{url}}"
					],
					"path": [
						"sapi",
						"v1",
						"broker",
						"transfer"
					],
					"query": [
						{
							"key": "subAccountId",
							"value": ""
						},
						{
							"key": "clientTradId",
							"value": ""
						},
						{
							"key": "startTime",
							"value": ""
						},
						{
							"key": "endTime",
							"value": ""
						},
						{
							"key": "page",
							"value": ""
						},
						{
							"key": "limit",
							"value": ""
						},
						{
							"key": "timestamp",
							"value": "{{timestamp}}"
						},
						{
							"key": "signature",
							"value": "{{signature}}"
						}
					]
				}
			},
			"response": []
		},
		{
			"name": "Query Broker Commission Rebate Recent Record",
			"request": {
				"method": "GET",
				"header": [
					{
						"key": "Content-Type",
						"type": "text",
						"value": "application/json"
					},
					{
						"key": "X-MBX-APIKEY",
						"type": "text",
						"value": "{{binance-api-key}}"
					}
				],
				"url": {
					"raw": "{{url}}/sapi/v1/broker/rebate/recentRecord?subAccountId=&startTime=&endTime=&limit=&timestamp={{timestamp}}&signature={{signature}}",
					"host": [
						"{{url}}"
					],
					"path": [
						"sapi",
						"v1",
						"broker",
						"rebate",
						"recentRecord"
					],
					"query": [
						{
							"key": "subAccountId",
							"value": ""
						},
						{
							"key": "startTime",
							"value": ""
						},
						{
							"key": "endTime",
							"value": ""
						},
						{
							"key": "limit",
							"value": ""
						},
						{
							"key": "timestamp",
							"value": "{{timestamp}}"
						},
						{
							"key": "signature",
							"value": "{{signature}}"
						}
					]
				}
			},
			"response": []
		},
		{
			"name": "Generate Broker Commission Rebate History",
			"request": {
				"method": "POST",
				"header": [
					{
						"key": "Content-Type",
						"type": "text",
						"value": "application/json"
					},
					{
						"key": "X-MBX-APIKEY",
						"type": "text",
						"value": "{{binance-api-key}}"
					}
				],
				"url": {
					"raw": "{{url}}/sapi/v1/broker/rebate/historicalRecord?subAccountId=&startTime=&endTime=&timestamp={{timestamp}}&signature={{signature}}",
					"host": [
						"{{url}}"
					],
					"path": [
						"sapi",
						"v1",
						"broker",
						"rebate",
						"historicalRecord"
					],
					"query": [
						{
							"key": "subAccountId",
							"value": ""
						},
						{
							"key": "startTime",
							"value": ""
						},
						{
							"key": "endTime",
							"value": ""
						},
						{
							"key": "timestamp",
							"value": "{{timestamp}}"
						},
						{
							"key": "signature",
							"value": "{{signature}}"
						}
					]
				}
			},
			"response": []
		},
		{
			"name": "Query Broker Commission Rebate History",
			"request": {
				"method": "GET",
				"header": [
					{
						"key": "Content-Type",
						"type": "text",
						"value": "application/json"
					},
					{
						"key": "X-MBX-APIKEY",
						"type": "text",
						"value": "{{binance-api-key}}"
					}
				],
				"url": {
					"raw": "{{url}}/sapi/v1/broker/rebate/historicalRecord?subAccountId=&startTime=&endTime=&limit=&timestamp={{timestamp}}&signature={{signature}}",
					"host": [
						"{{url}}"
					],
					"path": [
						"sapi",
						"v1",
						"broker",
						"rebate",
						"historicalRecord"
					],
					"query": [
						{
							"key": "subAccountId",
							"value": ""
						},
						{
							"key": "startTime",
							"value": ""
						},
						{
							"key": "endTime",
							"value": ""
						},
						{
							"key": "limit",
							"value": ""
						},
						{
							"key": "timestamp",
							"value": "{{timestamp}}"
						},
						{
							"key": "signature",
							"value": "{{signature}}"
						}
					]
				}
			},
			"response": []
		},
		{
			"name": "Enable Or Disable BNB Burn for Sub Account SPOT and MARGIN",
			"request": {
				"method": "POST",
				"header": [
					{
						"key": "Content-Type",
						"type": "text",
						"value": "application/json"
					},
					{
						"key": "X-MBX-APIKEY",
						"type": "text",
						"value": "{{binance-api-key}}"
					}
				],
				"url": {
					"raw": "{{url}}/sapi/v1/broker/subAccount/bnbBurn/spot?subAccountId=&spotBNBBurn=&timestamp={{timestamp}}&signature={{signature}}",
					"host": [
						"{{url}}"
					],
					"path": [
						"sapi",
						"v1",
						"broker",
						"subAccount",
						"bnbBurn",
						"spot"
					],
					"query": [
						{
							"key": "subAccountId",
							"value": ""
						},
						{
							"key": "spotBNBBurn",
							"value": ""
						},
						{
							"key": "timestamp",
							"value": "{{timestamp}}"
						},
						{
							"key": "signature",
							"value": "{{signature}}"
						}
					]
				}
			},
			"response": []
		},
		{
			"name": "Enable Or Disable BNB Burn for Sub Account Margin Interest",
			"request": {
				"method": "POST",
				"header": [
					{
						"key": "Content-Type",
						"type": "text",
						"value": "application/json"
					},
					{
						"key": "X-MBX-APIKEY",
						"type": "text",
						"value": "{{binance-api-key}}"
					}
				],
				"url": {
					"raw": "{{url}}/sapi/v1/broker/subAccount/bnbBurn/marginInterest?subAccountId=&spotBNBBurn=&timestamp={{timestamp}}&signature={{signature}}",
					"host": [
						"{{url}}"
					],
					"path": [
						"sapi",
						"v1",
						"broker",
						"subAccount",
						"bnbBurn",
						"marginInterest"
					],
					"query": [
						{
							"key": "subAccountId",
							"value": ""
						},
						{
							"key": "spotBNBBurn",
							"value": ""
						},
						{
							"key": "timestamp",
							"value": "{{timestamp}}"
						},
						{
							"key": "signature",
							"value": "{{signature}}"
						}
					]
				}
			},
			"response": []
		},
		{
			"name": "Get BNB Burn Status for Sub Account",
			"request": {
				"method": "GET",
				"header": [
					{
						"key": "Content-Type",
						"type": "text",
						"value": "application/json"
					},
					{
						"key": "X-MBX-APIKEY",
						"type": "text",
						"value": "{{binance-api-key}}"
					}
				],
				"url": {
					"raw": "{{url}}/sapi/v1/broker/subAccount/bnbBurn/status?subAccountId=&timestamp={{timestamp}}&signature={{signature}}",
					"host": [
						"{{url}}"
					],
					"path": [
						"sapi",
						"v1",
						"broker",
						"subAccount",
						"bnbBurn",
						"status"
					],
					"query": [
						{
							"key": "subAccountId",
							"value": ""
						},
						{
							"key": "timestamp",
							"value": "{{timestamp}}"
						},
						{
							"key": "signature",
							"value": "{{signature}}"
						}
					]
				}
			},
			"response": []
		},
		{
			"name": "Get Sub Account Deposit History",
			"request": {
				"method": "GET",
				"header": [
					{
						"key": "Content-Type",
						"type": "text",
						"value": "application/json"
					},
					{
						"key": "X-MBX-APIKEY",
						"type": "text",
						"value": "{{binance-api-key}}"
					}
				],
				"url": {
					"raw": "{{url}}/sapi/v1/broker/subAccount/depositHist?subAccountId=&coin=&status=&startTime=&endTime=&limit=&offset=&timestamp={{timestamp}}&signature={{signature}}",
					"host": [
						"{{url}}"
					],
					"path": [
						"sapi",
						"v1",
						"broker",
						"subAccount",
						"depositHist"
					],
					"query": [
						{
							"key": "subAccountId",
							"value": ""
						},
						{
							"key": "coin",
							"value": ""
						},
						{
							"key": "status",
							"value": ""
						},
						{
							"key": "startTime",
							"value": ""
						},
						{
							"key": "endTime",
							"value": ""
						},
						{
							"key": "limit",
							"value": ""
						},
						{
							"key": "offset",
							"value": ""
						},
						{
							"key": "timestamp",
							"value": "{{timestamp}}"
						},
						{
							"key": "signature",
							"value": "{{signature}}"
						}
					]
				}
			},
			"response": []
		},
		{
			"name": "Query Sub Account Spot Asset info",
			"request": {
				"method": "GET",
				"header": [
					{
						"key": "Content-Type",
						"type": "text",
						"value": "application/json"
					},
					{
						"key": "X-MBX-APIKEY",
						"type": "text",
						"value": "{{binance-api-key}}"
					}
				],
				"url": {
					"raw": "{{url}}/sapi/v1/broker/subAccount/spotSummary?subAccountId=&page=&size=&timestamp={{timestamp}}&signature={{signature}}",
					"host": [
						"{{url}}"
					],
					"path": [
						"sapi",
						"v1",
						"broker",
						"subAccount",
						"spotSummary"
					],
					"query": [
						{
							"key": "subAccountId",
							"value": ""
						},
						{
							"key": "page",
							"value": ""
						},
						{
							"key": "size",
							"value": ""
						},
						{
							"key": "timestamp",
							"value": "{{timestamp}}"
						},
						{
							"key": "signature",
							"value": "{{signature}}"
						}
					]
				}
			},
			"response": []
		},
		{
			"name": "Query Subaccount Margin Asset info",
			"request": {
				"method": "GET",
				"header": [
					{
						"key": "Content-Type",
						"type": "text",
						"value": "application/json"
					},
					{
						"key": "X-MBX-APIKEY",
						"type": "text",
						"value": "{{binance-api-key}}"
					}
				],
				"url": {
					"raw": "{{url}}/sapi/v1/broker/subAccount/marginSummary?subAccountId=&page=&size=&timestamp={{timestamp}}&signature={{signature}}",
					"host": [
						"{{url}}"
					],
					"path": [
						"sapi",
						"v1",
						"broker",
						"subAccount",
						"marginSummary"
					],
					"query": [
						{
							"key": "subAccountId",
							"value": ""
						},
						{
							"key": "page",
							"value": ""
						},
						{
							"key": "size",
							"value": ""
						},
						{
							"key": "timestamp",
							"value": "{{timestamp}}"
						},
						{
							"key": "signature",
							"value": "{{signature}}"
						}
					]
				}
			},
			"response": []
		},
		{
			"name": "Query Subaccount Futures Asset info",
			"request": {
				"method": "GET",
				"header": [
					{
						"key": "Content-Type",
						"type": "text",
						"value": "application/json"
					},
					{
						"key": "X-MBX-APIKEY",
						"type": "text",
						"value": "{{binance-api-key}}"
					}
				],
				"url": {
					"raw": "{{url}}/sapi/v1/broker/subAccount/futuresSummary?subAccountId=&page=&size=&timestamp={{timestamp}}&signature={{signature}}",
					"host": [
						"{{url}}"
					],
					"path": [
						"sapi",
						"v1",
						"broker",
						"subAccount",
						"futuresSummary"
					],
					"query": [
						{
							"key": "subAccountId",
							"value": ""
						},
						{
							"key": "page",
							"value": ""
						},
						{
							"key": "size",
							"value": ""
						},
						{
							"key": "timestamp",
							"value": "{{timestamp}}"
						},
						{
							"key": "signature",
							"value": "{{signature}}"
						}
					]
				}
			},
			"response": []
		}
	],
	"event": [
		{
			"listen": "prerequest",
			"script": {
				"id": "3fbfbd8c-6197-44ab-908f-4971862faadc",
				"type": "text/javascript",
				"exec": [
					"const ts  = Date.now();",
					"pm.environment.set(\"timestamp\", ts);",
					"",
					"let paramsObject = {};",
					"",
					"const binance_api_secret = pm.environment.get(\"binance-api-secret\");",
					"",
					"const parameters = pm.request.url.query;",
					"",
					"parameters.map((param) => {",
					"    if (param.key != 'signature' && ",
					"        param.key != 'timestamp' && ",
					"        !is_empty(param.value) &&",
					"        !is_disabled(param.disabled)) {",
					"            paramsObject[param.key] = param.value;",
					"            //console.log(encodeURIComponent(param.value));",
					"            //pm.environment.set(param.key, encodeURIComponent(param.value));",
					"    }",
					"})",
					"        ",
					"Object.assign(paramsObject, {'timestamp': ts});",
					"",
					"if (binance_api_secret) {",
					"    const queryString = Object.keys(paramsObject).map((key) => {",
					"        return `${key}=${paramsObject[key]}`;",
					"    }).join('&');",
					"    console.log(queryString);",
					"    const signature = CryptoJS.HmacSHA256(queryString, binance_api_secret).toString();",
					"    pm.environment.set(\"signature\", signature);",
					"}",
					"",
					"",
					"function is_disabled(str) {",
					"    return str == true;",
					"}",
					"",
					"function is_empty(str) {",
					"    if (typeof str == 'undefined' ||",
					"        !str || ",
					"        str.length === 0 || ",
					"        str === \"\" ||",
					"        !/[^\\s]/.test(str) ||",
					"        /^\\s*$/.test(str) ||",
					"        str.replace(/\\s/g,\"\") === \"\")",
					"    {",
					"        return true;",
					"    }",
					"    else",
					"    {",
					"        return false;",
					"    }",
					"}"
				]
			}
		},
		{
			"listen": "test",
			"script": {
				"id": "71541026-2f73-43c3-9af5-c664e157b066",
				"type": "text/javascript",
				"exec": [
					""
				]
			}
		}
	],
	"protocolProfileBehavior": {}
}
