{
	"info": {
		"_postman_id": "8ae1974a-215f-46c7-a605-2fbb990299b6",
		"name": "Binance perpetual future API",
		"description": "Binance official supported Postman collections.<br/>\n- API documents: https://binance-docs.github.io/apidocs/futures/en/\n- Telegram: https://t.me/binance_api_english\n- Open Issue at: https://github.com/binance-exchange/binance-api-postman",
		"schema": "https://schema.getpostman.com/json/collection/v2.1.0/collection.json"
	},
	"item": [
		{
			"name": "Market",
			"item": [
				{
					"name": "Test Connectivity",
					"request": {
						"method": "GET",
						"header": [
							{
								"key": "Content-Type",
								"value": "application/json",
								"type": "text"
							}
						],
						"url": {
							"raw": "{{url}}/fapi/v1/ping",
							"host": [
								"{{url}}"
							],
							"path": [
								"fapi",
								"v1",
								"ping"
							]
						},
						"description": "Test connectivity to the Rest API."
					},
					"response": []
				},
				{
					"name": "Check Server Time",
					"request": {
						"method": "GET",
						"header": [
							{
								"key": "Content-Type",
								"type": "text",
								"value": "application/json"
							}
						],
						"url": {
							"raw": "{{url}}/fapi/v1/time",
							"host": [
								"{{url}}"
							],
							"path": [
								"fapi",
								"v1",
								"time"
							],
							"query": [
								{
									"key": "",
									"value": "",
									"disabled": true
								}
							]
						}
					},
					"response": []
				},
				{
					"name": "Exchange Information (MARKET_DATA)",
					"request": {
						"method": "GET",
						"header": [
							{
								"key": "Content-Type",
								"type": "text",
								"value": "application/json"
							}
						],
						"url": {
							"raw": "{{url}}/fapi/v1/exchangeInfo",
							"host": [
								"{{url}}"
							],
							"path": [
								"fapi",
								"v1",
								"exchangeInfo"
							],
							"query": [
								{
									"key": "",
									"value": "",
									"disabled": true
								}
							]
						}
					},
					"response": []
				},
				{
					"name": "Order Book (MARKET_DATA)",
					"request": {
						"method": "GET",
						"header": [
							{
								"key": "Content-Type",
								"type": "text",
								"value": "application/json"
							}
						],
						"url": {
							"raw": "{{url}}/fapi/v1/depth?symbol=BTCUSDT&limit=100",
							"host": [
								"{{url}}"
							],
							"path": [
								"fapi",
								"v1",
								"depth"
							],
							"query": [
								{
									"key": "symbol",
									"value": "BTCUSDT"
								},
								{
									"key": "limit",
									"value": "100",
									"description": "Default 100; max 1000. Valid limits:[5, 10, 20, 50, 100, 500, 1000]"
								}
							]
						}
					},
					"response": []
				},
				{
					"name": "Recent Trades List (MARKET_DATA)",
					"request": {
						"method": "GET",
						"header": [
							{
								"key": "Content-Type",
								"value": "application/json",
								"type": "text"
							}
						],
						"url": {
							"raw": "{{url}}/fapi/v1/trades?symbol=BTCUSDT&limit=500",
							"host": [
								"{{url}}"
							],
							"path": [
								"fapi",
								"v1",
								"trades"
							],
							"query": [
								{
									"key": "symbol",
									"value": "BTCUSDT"
								},
								{
									"key": "limit",
									"value": "500",
									"description": "Default 500; max 1000."
								}
							]
						}
					},
					"response": []
				},
				{
					"name": "Old Trades Lookup (MARKET_DATA)",
					"request": {
						"method": "GET",
						"header": [
							{
								"key": "Content-Type",
								"type": "text",
								"value": "application/json"
							},
							{
								"key": "X-MBX-APIKEY",
								"type": "text",
								"value": "{{binance-api-key}}"
							}
						],
						"url": {
							"raw": "{{url}}/fapi/v1/historicalTrades?symbol=BTCUSDT&limit=100",
							"host": [
								"{{url}}"
							],
							"path": [
								"fapi",
								"v1",
								"historicalTrades"
							],
							"query": [
								{
									"key": "symbol",
									"value": "BTCUSDT"
								},
								{
									"key": "limit",
									"value": "100",
									"description": "Default 500; max 1000."
								},
								{
									"key": "fromId",
									"value": "''",
									"disabled": true
								}
							]
						},
						"description": "This endpoint need your API key only, not the secret key."
					},
					"response": []
				},
				{
					"name": "Compressed/Aggregate Trades List (MARKET_DATA)",
					"request": {
						"method": "GET",
						"header": [
							{
								"key": "Content-Type",
								"type": "text",
								"value": "application/json"
							}
						],
						"url": {
							"raw": "{{url}}/fapi/v1/aggTrades?symbol=BTCUSDT&limit=500",
							"host": [
								"{{url}}"
							],
							"path": [
								"fapi",
								"v1",
								"aggTrades"
							],
							"query": [
								{
									"key": "symbol",
									"value": "BTCUSDT"
								},
								{
									"key": "limit",
									"value": "500",
									"description": "Default 500; max 1000."
								},
								{
									"key": "fromId",
									"value": null,
									"disabled": true
								},
								{
									"key": "startTime",
									"value": null,
									"disabled": true
								},
								{
									"key": "endTime",
									"value": null,
									"disabled": true
								}
							]
						}
					},
					"response": []
				},
				{
					"name": "Kline/Candlestick Data (MARKET_DATA)",
					"request": {
						"method": "GET",
						"header": [
							{
								"key": "Content-Type",
								"type": "text",
								"value": "application/json"
							}
						],
						"url": {
							"raw": "{{url}}/fapi/v1/klines?symbol=BTCUSDT&limit=500&interval=1h",
							"host": [
								"{{url}}"
							],
							"path": [
								"fapi",
								"v1",
								"klines"
							],
							"query": [
								{
									"key": "symbol",
									"value": "BTCUSDT"
								},
								{
									"key": "limit",
									"value": "500",
									"description": "Default 500; max 1500."
								},
								{
									"key": "interval",
									"value": "1h",
									"description": "1m, 1h, 1d"
								},
								{
									"key": "startTime",
									"value": null,
									"disabled": true
								},
								{
									"key": "endTime",
									"value": null,
									"disabled": true
								}
							]
						},
						"description": "Kline/candlestick bars for a symbol. Klines are uniquely identified by their open time."
					},
					"response": []
				},
				{
					"name": "Continuous Contract Kline/Candlestick Data",
					"request": {
						"method": "GET",
						"header": [
							{
								"key": "Content-Type",
								"type": "text",
								"value": "application/json"
							}
						],
						"url": {
							"raw": "{{url}}/fapi/v1/continuousKlines?pair=&contractType=&interval=&startTime=&endTime=&limit=",
							"host": [
								"{{url}}"
							],
							"path": [
								"fapi",
								"v1",
								"continuousKlines"
							],
							"query": [
								{
									"key": "pair",
									"value": ""
								},
								{
									"key": "contractType",
									"value": ""
								},
								{
									"key": "interval",
									"value": ""
								},
								{
									"key": "startTime",
									"value": ""
								},
								{
									"key": "endTime",
									"value": ""
								},
								{
									"key": "limit",
									"value": ""
								}
							]
						},
						"description": "Kline/candlestick bars for a symbol. Klines are uniquely identified by their open time."
					},
					"response": []
				},
				{
					"name": "Index Price Kline/Candlestick Data",
					"request": {
						"method": "GET",
						"header": [
							{
								"key": "Content-Type",
								"type": "text",
								"value": "application/json"
							}
						],
						"url": {
							"raw": "{{url}}/fapi/v1/indexPriceKlines?pair=BTCUSDT&limit=500&interval=1m",
							"host": [
								"{{url}}"
							],
							"path": [
								"fapi",
								"v1",
								"indexPriceKlines"
							],
							"query": [
								{
									"key": "pair",
									"value": "BTCUSDT"
								},
								
								{
									"key": "interval",
									"value": "1h",
									"description": "1m, 1h, 1d"
								},
								{
									"key": "startTime",
									"value": null,
									"disabled": true
								},
								{
									"key": "endTime",
									"value": null,
									"disabled": true
								},
								{
									"key": "limit",
									"value": "500",
									"description": "Default 500; max 1500."
								}
							]
						},
						"description": "Kline/candlestick bars for the index price of a pair. Klines are uniquely identified by their open time."
					},
					"response": []
				},
				{
					"name": "Mark Price Kline/Candlestick Data",
					"request": {
						"method": "GET",
						"header": [
							{
								"key": "Content-Type",
								"type": "text",
								"value": "application/json"
							}
						],
						"url": {
							"raw": "{{url}}/fapi/v1/markPriceKlines?symbol=BTCUSDT&limit=500&interval=1m",
							"host": [
								"{{url}}"
							],
							"path": [
								"fapi",
								"v1",
								"markPriceKlines"
							],
							"query": [
								{
									"key": "symbol",
									"value": "BTCUSDT"
								},
								
								{
									"key": "interval",
									"value": "1h",
									"description": "1m, 1h, 1d"
								},
								{
									"key": "startTime",
									"value": null,
									"disabled": true
								},
								{
									"key": "endTime",
									"value": null,
									"disabled": true
								},
								{
									"key": "limit",
									"value": "500",
									"description": "Default 500; max 1500."
								}
							]
						},
						"description": "Kline/candlestick bars for the mark price of a symbol. Klines are uniquely identified by their open time."
					},
					"response": []
				},
				{
					"name": "Mark Price (MARKET_DATA)",
					"request": {
						"method": "GET",
						"header": [
							{
								"key": "Content-Type",
								"type": "text",
								"value": "application/json"
							}
						],
						"url": {
							"raw": "{{url}}/fapi/v1/premiumIndex?symbol=",
							"host": [
								"{{url}}"
							],
							"path": [
								"fapi",
								"v1",
								"premiumIndex"
							],
							"query": [
								{
									"key": "symbol",
									"value": ""
								}
							]
						},
						"description": "Mark Price and Funding Rate\n\nWeight: 1"
					},
					"response": []
				},
				{
					"name": "Get Funding Rate History (MARKET_DATA)",
					"request": {
						"method": "GET",
						"header": [
							{
								"key": "Content-Type",
								"type": "text",
								"value": "application/json"
							}
						],
						"url": {
							"raw": "{{url}}/fapi/v1/fundingRate?symbol=BTCUSDT&limit=100",
							"host": [
								"{{url}}"
							],
							"path": [
								"fapi",
								"v1",
								"fundingRate"
							],
							"query": [
								{
									"key": "symbol",
									"value": "BTCUSDT"
								},
								{
									"key": "startTime",
									"value": null,
									"disabled": true
								},
								{
									"key": "endTime",
									"value": null,
									"disabled": true
								},
								{
									"key": "limit",
									"value": "100"
								}
							]
						},
						"description": "Mark Price and Funding Rate\n\nWeight: 1"
					},
					"response": []
				},
				{
					"name": "24hr Ticker Price Change Statistics (MARKET_DATA)",
					"request": {
						"method": "GET",
						"header": [
							{
								"key": "Content-Type",
								"type": "text",
								"value": "application/json"
							}
						],
						"url": {
							"raw": "{{url}}/fapi/v1/ticker/24hr?symbol=",
							"host": [
								"{{url}}"
							],
							"path": [
								"fapi",
								"v1",
								"ticker",
								"24hr"
							],
							"query": [
								{
									"key": "symbol",
									"value": ""
								}
							]
						},
						"description": "24 hour rolling window price change statistics.\n\nCareful when accessing this with no symbol.\n\nWeight:\n\n1 for a single symbol;\n\n40 when the symbol parameter is omitted"
					},
					"response": []
				},
				{
					"name": "Symbol Price Ticker (MARKET_DATA)",
					"request": {
						"method": "GET",
						"header": [
							{
								"key": "Content-Type",
								"type": "text",
								"value": "application/json"
							}
						],
						"url": {
							"raw": "{{url}}/fapi/v1/ticker/24hr?symbol=",
							"host": [
								"{{url}}"
							],
							"path": [
								"fapi",
								"v1",
								"ticker",
								"24hr"
							],
							"query": [
								{
									"key": "symbol",
									"value": ""
								}
							]
						},
						"description": "Latest price for a symbol or symbols."
					},
					"response": []
				},
				{
					"name": "Symbol Order Book Ticker (MARKET_DATA)",
					"request": {
						"method": "GET",
						"header": [
							{
								"key": "Content-Type",
								"type": "text",
								"value": "application/json"
							}
						],
						"url": {
							"raw": "{{url}}/fapi/v1/ticker/bookTicker?symbol=",
							"host": [
								"{{url}}"
							],
							"path": [
								"fapi",
								"v1",
								"ticker",
								"bookTicker"
							],
							"query": [
								{
									"key": "symbol",
									"value": ""
								}
							]
						},
						"description": "Best price/qty on the order book for a symbol or symbols."
					},
					"response": []
				},
				{
					"name": "Get all Liquidation Orders (MARKET_DATA)",
					"request": {
						"method": "GET",
						"header": [
							{
								"key": "Content-Type",
								"type": "text",
								"value": "application/json"
							}
						],
						"url": {
							"raw": "{{url}}/fapi/v1/allForceOrders?symbol=&startTime&endTime&limit=100",
							"host": [
								"{{url}}"
							],
							"path": [
								"fapi",
								"v1",
								"allForceOrders"
							],
							"query": [
								{
									"key": "symbol",
									"value": ""
								},
								{
									"key": "startTime",
									"value": null
								},
								{
									"key": "endTime",
									"value": null
								},
								{
									"key": "limit",
									"value": "100",
									"description": "Default:100 Max:1000"
								}
							]
						}
					},
					"response": []
				},
				{
					"name": "Open Interest (MARKET_DATA)",
					"request": {
						"method": "GET",
						"header": [
							{
								"key": "Content-Type",
								"type": "text",
								"value": "application/json"
							}
						],
						"url": {
							"raw": "{{url}}/fapi/v1/openInterest?symbol=BTCUSDT",
							"host": [
								"{{url}}"
							],
							"path": [
								"fapi",
								"v1",
								"openInterest"
							],
							"query": [
								{
									"key": "symbol",
									"value": "BTCUSDT"
								}
							]
						},
						"description": "Get present open interest of a specific symbol."
					},
					"response": []
				},
				{
					"name": "Open Interest Statistics (MARKET_DATA)",
					"request": {
						"method": "GET",
						"header": [
							{
								"key": "Content-Type",
								"type": "text",
								"value": "application/json"
							},
							{
								"key": "X-MBX-APIKEY",
								"type": "text",
								"value": "{{binance-api-key}}"
							}
						],
						"url": {
							"raw": "{{url}}/futures/data/openInterestHist?symbol=BTCUSDT&period=&limit=30&startTime=&endTime=",
							"host": [
								"{{url}}"
							],
							"path": [
								"futures",
								"data",
								"openInterestHist"
							],
							"query": [
								{
									"key": "symbol",
									"value": "BTCUSDT"
								},
								{
									"key": "period",
									"value": "",
									"description": "\"5m\",\"15m\",\"30m\",\"1h\",\"2h\",\"4h\",\"6h\",\"12h\",\"1d\""
								},
								{
									"key": "limit",
									"value": "30"
								},
								{
									"key": "startTime",
									"value": ""
								},
								{
									"key": "endTime",
									"value": ""
								}
							]
						},
						"description": "Get present open interest of a specific symbol."
					},
					"response": []
				},
				{
					"name": "Top Trader Long/Short Ratio (Accounts) (MARKET_DATA)",
					"request": {
						"method": "GET",
						"header": [
							{
								"key": "Content-Type",
								"type": "text",
								"value": "application/json"
							},
							{
								"key": "X-MBX-APIKEY",
								"type": "text",
								"value": "{{binance-api-key}}"
							}
						],
						"url": {
							"raw": "{{url}}/futures/data/topLongShortAccountRatio?symbol=BTCUSDT&period=&limit=30&startTime=&endTime=",
							"host": [
								"{{url}}"
							],
							"path": [
								"futures",
								"data",
								"topLongShortAccountRatio"
							],
							"query": [
								{
									"key": "symbol",
									"value": "BTCUSDT"
								},
								{
									"key": "period",
									"value": "",
									"description": "\"5m\",\"15m\",\"30m\",\"1h\",\"2h\",\"4h\",\"6h\",\"12h\",\"1d\""
								},
								{
									"key": "limit",
									"value": "30"
								},
								{
									"key": "startTime",
									"value": ""
								},
								{
									"key": "endTime",
									"value": ""
								}
							]
						},
						"description": "Get present open interest of a specific symbol."
					},
					"response": []
				},
				{
					"name": "Top Trader Long/Short Ratio (Positions) (MARKET_DATA)",
					"request": {
						"method": "GET",
						"header": [
							{
								"key": "Content-Type",
								"type": "text",
								"value": "application/json"
							},
							{
								"key": "X-MBX-APIKEY",
								"type": "text",
								"value": "{{binance-api-key}}"
							}
						],
						"url": {
							"raw": "{{url}}/futures/data/topLongShortPositionRatio?symbol=BTCUSDT&period=&limit=30&startTime=&endTime=",
							"host": [
								"{{url}}"
							],
							"path": [
								"futures",
								"data",
								"topLongShortPositionRatio"
							],
							"query": [
								{
									"key": "symbol",
									"value": "BTCUSDT"
								},
								{
									"key": "period",
									"value": "",
									"description": "\"5m\",\"15m\",\"30m\",\"1h\",\"2h\",\"4h\",\"6h\",\"12h\",\"1d\""
								},
								{
									"key": "limit",
									"value": "30"
								},
								{
									"key": "startTime",
									"value": ""
								},
								{
									"key": "endTime",
									"value": ""
								}
							]
						},
						"description": "Get present open interest of a specific symbol."
					},
					"response": []
				},
				{
					"name": "Long/Short Ratio (MARKET_DATA)",
					"request": {
						"method": "GET",
						"header": [
							{
								"key": "Content-Type",
								"type": "text",
								"value": "application/json"
							},
							{
								"key": "X-MBX-APIKEY",
								"type": "text",
								"value": "{{binance-api-key}}"
							}
						],
						"url": {
							"raw": "{{url}}/futures/data/globalLongShortAccountRatio?symbol=BTCUSDT&period=&limit=30&startTime=&endTime=",
							"host": [
								"{{url}}"
							],
							"path": [
								"futures",
								"data",
								"globalLongShortAccountRatio"
							],
							"query": [
								{
									"key": "symbol",
									"value": "BTCUSDT"
								},
								{
									"key": "period",
									"value": "",
									"description": "\"5m\",\"15m\",\"30m\",\"1h\",\"2h\",\"4h\",\"6h\",\"12h\",\"1d\""
								},
								{
									"key": "limit",
									"value": "30"
								},
								{
									"key": "startTime",
									"value": ""
								},
								{
									"key": "endTime",
									"value": ""
								}
							]
						},
						"description": "Get present open interest of a specific symbol."
					},
					"response": []
				},
				{
					"name": "Taker Buy/Sell Volume (MARKET_DATA)",
					"request": {
						"method": "GET",
						"header": [
							{
								"key": "Content-Type",
								"type": "text",
								"value": "application/json"
							},
							{
								"key": "X-MBX-APIKEY",
								"type": "text",
								"value": "{{binance-api-key}}"
							}
						],
						"url": {
							"raw": "{{url}}/futures/data/takerlongshortRatio?symbol=BTCUSDT&period=5m&limit=30&startTime=&endTime=",
							"host": [
								"{{url}}"
							],
							"path": [
								"futures",
								"data",
								"takerlongshortRatio"
							],
							"query": [
								{
									"key": "symbol",
									"value": "BTCUSDT"
								},
								{
									"key": "period",
									"value": "5m",
									"description": "\"5m\",\"15m\",\"30m\",\"1h\",\"2h\",\"4h\",\"6h\",\"12h\",\"1d\""
								},
								{
									"key": "limit",
									"value": "30",
									"description": "default 30, max 500"
								},
								{
									"key": "startTime",
									"value": ""
								},
								{
									"key": "endTime",
									"value": ""
								}
							]
						}
					},
					"response": []
				},
				{
					"name": "Historical BLVT NAV Kline/Candlestick",
					"request": {
						"method": "GET",
						"header": [
							{
								"key": "Content-Type",
								"type": "text",
								"value": "application/json"
							},
							{
								"key": "X-MBX-APIKEY",
								"type": "text",
								"value": "{{binance-api-key}}"
							}
						],
						"url": {
							"raw": "{{url}}/fapi/v1/lvtKlines?symbol=&interval=&startTime=&endTime=&limit=",
							"host": [
								"{{url}}"
							],
							"path": [
								"fapi",
								"v1",
								"lvtKlines"
							],
							"query": [
								{
									"key": "symbol",
									"value": "",
									"description": "token name"
								},
								{
									"key": "interval",
									"value": ""
								},
								{
									"key": "startTime",
									"value": ""
								},
								{
									"key": "endTime",
									"value": ""
								},
								{
									"key": "limit",
									"value": "",
									"description": "default 500, max 1000"
								}
							]
						}
					},
					"response": []
				},
				{
					"name": "Composite Index Symbol Information",
					"request": {
						"method": "GET",
						"header": [
							{
								"key": "Content-Type",
								"type": "text",
								"value": "application/json"
							},
							{
								"key": "X-MBX-APIKEY",
								"type": "text",
								"value": "{{binance-api-key}}"
							}
						],
						"url": {
							"raw": "{{url}}/fapi/v1/indexInfo?symbol=",
							"host": [
								"{{url}}"
							],
							"path": [
								"fapi",
								"v1",
								"indexInfo"
							],
							"query": [
								{
									"key": "symbol",
									"value": "",
									"description": "token name"
								}
							]
						}
					},
					"response": []
				}
			],
			"protocolProfileBehavior": {}
		},
		{
			"name": "Account",
			"item": [
				{
					"name": "Account information",
					"event": [
						{
							"listen": "prerequest",
							"script": {
								"id": "a5e3aaf5-db8a-4809-9de7-5c4543451a21",
								"exec": [
									"",
									""
								],
								"type": "text/javascript"
							}
						}
					],
					"request": {
						"method": "GET",
						"header": [
							{
								"key": "Content-Type",
								"type": "text",
								"value": "application/json"
							},
							{
								"key": "X-MBX-APIKEY",
								"value": "{{binance-api-key}}",
								"type": "text"
							}
						],
						"url": {
							"raw": "{{url}}/fapi/v1/account?timestamp={{timestamp}}&signature={{signature}}",
							"host": [
								"{{url}}"
							],
							"path": [
								"fapi",
								"v1",
								"account"
							],
							"query": [
								{
									"key": "timestamp",
									"value": "{{timestamp}}"
								},
								{
									"key": "signature",
									"value": "{{signature}}"
								}
							]
						}
					},
					"response": []
				},
				{
					"name": "Get Income History",
					"event": [
						{
							"listen": "prerequest",
							"script": {
								"id": "7bd98653-9b90-44cd-b053-795a16eb2b34",
								"exec": [
									"",
									""
								],
								"type": "text/javascript"
							}
						}
					],
					"request": {
						"method": "GET",
						"header": [
							{
								"key": "Content-Type",
								"type": "text",
								"value": "application/json"
							},
							{
								"key": "X-MBX-APIKEY",
								"type": "text",
								"value": "{{binance-api-key}}"
							}
						],
						"url": {
							"raw": "{{url}}/fapi/v1/income?symbol=BTCUSDT&incomeType=REALIZED_PNL&limit=100&timestamp={{timestamp}}&signature={{signature}}",
							"host": [
								"{{url}}"
							],
							"path": [
								"fapi",
								"v1",
								"income"
							],
							"query": [
								{
									"key": "symbol",
									"value": "BTCUSDT"
								},
								{
									"key": "incomeType",
									"value": "REALIZED_PNL"
								},
								{
									"key": "startTime",
									"value": null,
									"disabled": true
								},
								{
									"key": "endTime",
									"value": null,
									"disabled": true
								},
								{
									"key": "limit",
									"value": "100"
								},
								{
									"key": "timestamp",
									"value": "{{timestamp}}"
								},
								{
									"key": "signature",
									"value": "{{signature}}"
								}
							]
						}
					},
					"response": []
				},
				{
					"name": "Position Information",
					"event": [
						{
							"listen": "prerequest",
							"script": {
								"id": "e90c6c8a-fa48-4d88-9c20-cf414749071a",
								"exec": [
									"",
									""
								],
								"type": "text/javascript"
							}
						}
					],
					"request": {
						"method": "GET",
						"header": [
							{
								"key": "Content-Type",
								"type": "text",
								"value": "application/json"
							},
							{
								"key": "X-MBX-APIKEY",
								"type": "text",
								"value": "{{binance-api-key}}"
							}
						],
						"url": {
							"raw": "{{url}}/fapi/v1/positionRisk?timestamp={{timestamp}}&signature={{signature}}",
							"host": [
								"{{url}}"
							],
							"path": [
								"fapi",
								"v1",
								"positionRisk"
							],
							"query": [
								{
									"key": "timestamp",
									"value": "{{timestamp}}"
								},
								{
									"key": "signature",
									"value": "{{signature}}"
								}
							]
						}
					},
					"response": []
				},
				{
					"name": "Account Trade List",
					"event": [
						{
							"listen": "prerequest",
							"script": {
								"id": "c0acfd08-92e8-4870-a683-0903cf025081",
								"exec": [
									"",
									""
								],
								"type": "text/javascript"
							}
						}
					],
					"request": {
						"method": "GET",
						"header": [
							{
								"key": "Content-Type",
								"type": "text",
								"value": "application/json"
							},
							{
								"key": "X-MBX-APIKEY",
								"type": "text",
								"value": "{{binance-api-key}}"
							}
						],
						"url": {
							"raw": "{{url}}/fapi/v1/userTrades?symbol=BTCUSDT&limit=500&timestamp={{timestamp}}&signature={{signature}}",
							"host": [
								"{{url}}"
							],
							"path": [
								"fapi",
								"v1",
								"userTrades"
							],
							"query": [
								{
									"key": "symbol",
									"value": "BTCUSDT"
								},
								{
									"key": "startTime",
									"value": "",
									"disabled": true
								},
								{
									"key": "endTime",
									"value": "",
									"disabled": true
								},
								{
									"key": "fromId",
									"value": "",
									"disabled": true
								},
								{
									"key": "limit",
									"value": "500"
								},
								{
									"key": "timestamp",
									"value": "{{timestamp}}"
								},
								{
									"key": "signature",
									"value": "{{signature}}"
								}
							]
						}
					},
					"response": []
				},
				{
					"name": "Get Income History",
					"event": [
						{
							"listen": "prerequest",
							"script": {
								"id": "938ae3ad-faab-4256-8708-a63c0910c0cc",
								"exec": [
									"",
									""
								],
								"type": "text/javascript"
							}
						}
					],
					"request": {
						"method": "GET",
						"header": [
							{
								"key": "Content-Type",
								"type": "text",
								"value": "application/json"
							},
							{
								"key": "X-MBX-APIKEY",
								"type": "text",
								"value": "{{binance-api-key}}"
							}
						],
						"url": {
							"raw": "{{url}}/fapi/v1/income?symbol=BTCUSDT&incomeType=REALIZED_PNL&limit=500&timestamp={{timestamp}}&signature={{signature}}",
							"host": [
								"{{url}}"
							],
							"path": [
								"fapi",
								"v1",
								"income"
							],
							"query": [
								{
									"key": "symbol",
									"value": "BTCUSDT"
								},
								{
									"key": "incomeType",
									"value": "REALIZED_PNL"
								},
								{
									"key": "startTime",
									"value": "",
									"disabled": true
								},
								{
									"key": "endTime",
									"value": "",
									"disabled": true
								},
								{
									"key": "limit",
									"value": "500"
								},
								{
									"key": "timestamp",
									"value": "{{timestamp}}"
								},
								{
									"key": "signature",
									"value": "{{signature}}"
								}
							]
						}
					},
					"response": []
				},
				{
					"name": "New Future Account Transfer",
					"event": [
						{
							"listen": "prerequest",
							"script": {
								"id": "45a897fb-2496-4b8e-a7e3-dd754dbcf4d9",
								"exec": [
									"",
									""
								],
								"type": "text/javascript"
							}
						}
					],
					"request": {
						"method": "GET",
						"header": [
							{
								"key": "Content-Type",
								"type": "text",
								"value": "application/json"
							},
							{
								"key": "X-MBX-APIKEY",
								"type": "text",
								"value": "{{binance-api-key}}"
							}
						],
						"url": {
							"raw": "{{url}}/fapi/v1/income?symbol=BTCUSDT&incomeType=REALIZED_PNL&limit=500&timestamp={{timestamp}}&signature={{signature}}",
							"host": [
								"{{url}}"
							],
							"path": [
								"fapi",
								"v1",
								"income"
							],
							"query": [
								{
									"key": "symbol",
									"value": "BTCUSDT"
								},
								{
									"key": "incomeType",
									"value": "REALIZED_PNL"
								},
								{
									"key": "startTime",
									"value": "",
									"disabled": true
								},
								{
									"key": "endTime",
									"value": "",
									"disabled": true
								},
								{
									"key": "limit",
									"value": "500"
								},
								{
									"key": "timestamp",
									"value": "{{timestamp}}"
								},
								{
									"key": "signature",
									"value": "{{signature}}"
								}
							]
						}
					},
					"response": []
				},
				{
					"name": "Future Account Balance",
					"event": [
						{
							"listen": "prerequest",
							"script": {
								"id": "dab0d5ad-8274-4ee2-8b6f-8c53a6405baf",
								"exec": [
									"",
									""
								],
								"type": "text/javascript"
							}
						}
					],
					"request": {
						"method": "GET",
						"header": [
							{
								"key": "Content-Type",
								"type": "text",
								"value": "application/json"
							},
							{
								"key": "X-MBX-APIKEY",
								"type": "text",
								"value": "{{binance-api-key}}"
							}
						],
						"url": {
							"raw": "{{url}}/fapi/v1/balance?timestamp={{timestamp}}&signature={{signature}}",
							"host": [
								"{{url}}"
							],
							"path": [
								"fapi",
								"v1",
								"balance"
							],
							"query": [
								{
									"key": "timestamp",
									"value": "{{timestamp}}"
								},
								{
									"key": "signature",
									"value": "{{signature}}"
								}
							]
						}
					},
					"response": []
				},
				{
					"name": "Notional and Leverage Brackets (USER_DATA)",
					"request": {
						"method": "GET",
						"header": [
							{
								"key": "Content-Type",
								"type": "text",
								"value": "application/json"
							},
							{
								"key": "X-MBX-APIKEY",
								"type": "text",
								"value": "{{binance-api-key}}"
							}
						],
						"url": {
							"raw": "{{url}}/fapi/v1/leverageBracket?symbol=BTCUSDT&timestamp={{timestamp}}&signature={{signature}}",
							"host": [
								"{{url}}"
							],
							"path": [
								"fapi",
								"v1",
								"leverageBracket"
							],
							"query": [
								{
									"key": "symbol",
									"value": "BTCUSDT"
								},
								{
									"key": "timestamp",
									"value": "{{timestamp}}"
								},
								{
									"key": "signature",
									"value": "{{signature}}"
								}
							]
						},
						"description": "Get present open interest of a specific symbol."
					},
					"response": []
				},
				{
					"name": "Position ADL Quantile Estimation (USER_DATA)",
					"event": [
						{
							"listen": "prerequest",
							"script": {
								"id": "23e39840-eb02-4401-a5c1-b115d8d16d38",
								"exec": [
									"",
									""
								],
								"type": "text/javascript"
							}
						}
					],
					"request": {
						"method": "GET",
						"header": [
							{
								"key": "Content-Type",
								"type": "text",
								"value": "application/json"
							},
							{
								"key": "X-MBX-APIKEY",
								"type": "text",
								"value": "{{binance-api-key}}"
							}
						],
						"url": {
							"raw": "{{url}}/fapi/v1/adlQuantile?symbol=&timestamp={{timestamp}}&signature={{signature}}",
							"host": [
								"{{url}}"
							],
							"path": [
								"fapi",
								"v1",
								"adlQuantile"
							],
							"query": [
								{
									"key": "symbol",
									"value": ""
								},
								{
									"key": "timestamp",
									"value": "{{timestamp}}"
								},
								{
									"key": "signature",
									"value": "{{signature}}"
								}
							]
						}
					},
					"response": []
				},
				{
					"name": "User Commission Rate (USER_DATA)",
					"event": [
						{
							"listen": "prerequest",
							"script": {
								"id": "95eef7d6-dcca-4b6d-ac8a-5199cb412c68",
								"exec": [
									"",
									""
								],
								"type": "text/javascript"
							}
						}
					],
					"request": {
						"method": "GET",
						"header": [
							{
								"key": "Content-Type",
								"type": "text",
								"value": "application/json"
							},
							{
								"key": "X-MBX-APIKEY",
								"type": "text",
								"value": "{{binance-api-key}}"
							}
						],
						"url": {
							"raw": "{{url}}/fapi/v1/commissionRate?symbol=&timestamp={{timestamp}}&signature={{signature}}",
							"host": [
								"{{url}}"
							],
							"path": [
								"fapi",
								"v1",
								"commissionRate"
							],
							"query": [
								{
									"key": "symbol",
									"value": ""
								},
								{
									"key": "timestamp",
									"value": "{{timestamp}}"
								},
								{
									"key": "signature",
									"value": "{{signature}}"
								}
							]
						}
					},
					"response": []
				}
			],
			"protocolProfileBehavior": {}
		},
		{
			"name": "Order",
			"item": [
				{
					"name": "New Order (TRADE)",
					"event": [
						{
							"listen": "prerequest",
							"script": {
								"id": "9d4e3d88-6196-4f55-b54e-e283a13d6b74",
								"exec": [
									""
								],
								"type": "text/javascript"
							}
						}
					],
					"request": {
						"method": "POST",
						"header": [
							{
								"key": "Content-Type",
								"name": "Content-Type",
								"type": "text",
								"value": "application/json"
							},
							{
								"key": "X-MBX-APIKEY",
								"type": "text",
								"value": "{{binance-api-key}}"
							}
						],
						"url": {
							"raw": "{{url}}/fapi/v1/order?symbol=&side=&positionSide=&type=&timeInForce=&quantity=&reduceOnly=&price=&newClientOrderId=&stopPrice=&closePosition=&activationPrice=&callbackRate=&workingType=CONTRACT_PRICE&newOrderRespType=&timestamp={{timestamp}}&signature={{signature}}",
							"host": [
								"{{url}}"
							],
							"path": [
								"fapi",
								"v1",
								"order"
							],
							"query": [
								{
									"key": "symbol",
									"value": ""
								},
								{
									"key": "side",
									"value": ""
								},
								{
									"key": "positionSide",
									"value": "",
									"description": "Default BOTH for One-way Mode ;\nLONG or SHORT for Hedge Mode. It must be sent with Hedge Mode."
								},
								{
									"key": "type",
									"value": ""
								},
								{
									"key": "timeInForce",
									"value": ""
								},
								{
									"key": "quantity",
									"value": ""
								},
								{
									"key": "reduceOnly",
									"value": ""
								},
								{
									"key": "price",
									"value": ""
								},
								{
									"key": "newClientOrderId",
									"value": ""
								},
								{
									"key": "stopPrice",
									"value": ""
								},
								{
									"key": "closePosition",
									"value": "",
									"description": "true, false；Close-All，used with STOP_MARKET or TAKE_PROFIT_MARKET."
								},
								{
									"key": "activationPrice",
									"value": ""
								},
								{
									"key": "callbackRate",
									"value": "",
									"description": "Used with TRAILING_STOP_MARKET orders, min 0.1, max 5 where 1 for 1%"
								},
								{
									"key": "workingType",
									"value": "CONTRACT_PRICE",
									"description": "stopPrice triggered by: \"MARK_PRICE\", \"CONTRACT_PRICE\". Default \"CONTRACT_PRICE\""
								},
								{
									"key": "newOrderRespType",
									"value": "",
									"description": "\"ACK\", \"RESULT\", default \"ACK\""
								},
								{
									"key": "timestamp",
									"value": "{{timestamp}}"
								},
								{
									"key": "signature",
									"value": "{{signature}}"
								}
							]
						},
						"description": "https://binance-docs.github.io/apidocs/futures/en/#new-order-trade"
					},
					"response": []
				},
				{
					"name": "Place Multiple Orders (TRADE)",
					"event": [
						{
							"listen": "prerequest",
							"script": {
								"id": "b34691ad-9b2b-48a9-b87e-ac250c5dc062",
								"exec": [
									""
								],
								"type": "text/javascript"
							}
						}
					],
					"request": {
						"method": "POST",
						"header": [
							{
								"key": "Content-Type",
								"name": "Content-Type",
								"type": "text",
								"value": "application/json"
							},
							{
								"key": "X-MBX-APIKEY",
								"type": "text",
								"value": "{{binance-api-key}}"
							}
						],
						"url": {
							"raw": "{{url}}/fapi/v1/batchOrders?batchOrders=&timestamp={{timestamp}}&signature={{signature}}",
							"host": [
								"{{url}}"
							],
							"path": [
								"fapi",
								"v1",
								"batchOrders"
							],
							"query": [
								{
									"key": "batchOrders",
									"value": ""
								},
								{
									"key": "timestamp",
									"value": "{{timestamp}}"
								},
								{
									"key": "signature",
									"value": "{{signature}}",
									"description": "Default BOTH for One-way Mode ;\nLONG or SHORT for Hedge Mode. It must be sent with Hedge Mode."
								}
							]
						}
					},
					"response": []
				},
				{
					"name": "Query Order",
					"event": [
						{
							"listen": "prerequest",
							"script": {
								"id": "8eec1e41-ff2f-4b3f-aa06-ec839b1cec7d",
								"exec": [
									""
								],
								"type": "text/javascript"
							}
						}
					],
					"request": {
						"method": "GET",
						"header": [
							{
								"key": "Content-Type",
								"name": "Content-Type",
								"type": "text",
								"value": "application/json"
							},
							{
								"key": "X-MBX-APIKEY",
								"type": "text",
								"value": "{{binance-api-key}}"
							}
						],
						"url": {
							"raw": "{{url}}/fapi/v1/order?symbol=BTCUSDT&orderId=&timestamp={{timestamp}}&signature={{signature}}",
							"host": [
								"{{url}}"
							],
							"path": [
								"fapi",
								"v1",
								"order"
							],
							"query": [
								{
									"key": "symbol",
									"value": "BTCUSDT"
								},
								{
									"key": "orderId",
									"value": ""
								},
								{
									"key": "timestamp",
									"value": "{{timestamp}}"
								},
								{
									"key": "signature",
									"value": "{{signature}}"
								}
							]
						}
					},
					"response": []
				},
				{
					"name": "Cancel Order",
					"event": [
						{
							"listen": "prerequest",
							"script": {
								"id": "9143be04-defc-459a-981f-2ffcfe94acba",
								"exec": [
									""
								],
								"type": "text/javascript"
							}
						}
					],
					"request": {
						"method": "DELETE",
						"header": [
							{
								"key": "Content-Type",
								"name": "Content-Type",
								"type": "text",
								"value": "application/json"
							},
							{
								"key": "X-MBX-APIKEY",
								"type": "text",
								"value": "{{binance-api-key}}"
							}
						],
						"url": {
							"raw": "{{url}}/fapi/v1/order?symbol=BTCUSDT&orderId=1192355366&timestamp={{timestamp}}&signature={{signature}}",
							"host": [
								"{{url}}"
							],
							"path": [
								"fapi",
								"v1",
								"order"
							],
							"query": [
								{
									"key": "symbol",
									"value": "BTCUSDT"
								},
								{
									"key": "orderId",
									"value": "1192355366"
								},
								{
									"key": "timestamp",
									"value": "{{timestamp}}"
								},
								{
									"key": "signature",
									"value": "{{signature}}"
								}
							]
						}
					},
					"response": []
				},
				{
					"name": "Cancel All Open Orders",
					"event": [
						{
							"listen": "prerequest",
							"script": {
								"id": "86cb9b9c-29f9-4de8-9221-befbfa641a32",
								"exec": [
									""
								],
								"type": "text/javascript"
							}
						}
					],
					"request": {
						"method": "DELETE",
						"header": [
							{
								"key": "Content-Type",
								"name": "Content-Type",
								"type": "text",
								"value": "application/json"
							},
							{
								"key": "X-MBX-APIKEY",
								"type": "text",
								"value": "{{binance-api-key}}"
							}
						],
						"url": {
							"raw": "{{url}}/fapi/v1/allOpenOrders?symbol=BTCUSDT&timestamp={{timestamp}}&signature={{signature}}",
							"host": [
								"{{url}}"
							],
							"path": [
								"fapi",
								"v1",
								"allOpenOrders"
							],
							"query": [
								{
									"key": "symbol",
									"value": "BTCUSDT"
								},
								{
									"key": "timestamp",
									"value": "{{timestamp}}"
								},
								{
									"key": "signature",
									"value": "{{signature}}"
								}
							]
						}
					},
					"response": []
				},
				{
					"name": "Auto-Cancel All Open Orders (TRADE)",
					"event": [
						{
							"listen": "prerequest",
							"script": {
								"id": "8d8a7dd1-7219-4836-90a8-d922d9420e67",
								"exec": [
									""
								],
								"type": "text/javascript"
							}
						}
					],
					"request": {
						"method": "POST",
						"header": [
							{
								"key": "Content-Type",
								"name": "Content-Type",
								"type": "text",
								"value": "application/json"
							},
							{
								"key": "X-MBX-APIKEY",
								"type": "text",
								"value": "{{binance-api-key}}"
							}
						],
						"url": {
							"raw": "{{url}}/fapi/v1/countdownCancelAll?symbol=&countdownTime=&timestamp={{timestamp}}&signature={{signature}}",
							"host": [
								"{{url}}"
							],
							"path": [
								"fapi",
								"v1",
								"countdownCancelAll"
							],
							"query": [
								{
									"key": "symbol",
									"value": ""
								},
								{
									"key": "countdownTime",
									"value": "",
									"description": "countdown time, 1000 for 1 second. 0 to cancel the timer"
								},
								{
									"key": "timestamp",
									"value": "{{timestamp}}"
								},
								{
									"key": "signature",
									"value": "{{signature}}"
								}
							]
						}
					},
					"response": []
				},
				{
					"name": "Cancel Multiple Orders (TRADE)",
					"event": [
						{
							"listen": "prerequest",
							"script": {
								"id": "967523ed-a42d-493f-900c-3628dfc373ad",
								"exec": [
									""
								],
								"type": "text/javascript"
							}
						}
					],
					"request": {
						"method": "DELETE",
						"header": [
							{
								"key": "Content-Type",
								"name": "Content-Type",
								"type": "text",
								"value": "application/json"
							},
							{
								"key": "X-MBX-APIKEY",
								"type": "text",
								"value": "{{binance-api-key}}"
							}
						],
						"url": {
							"raw": "{{url}}/fapi/v1/batchOrders?symbol=BTCUSDT&origClientOrderIdList=[IKDQAMirf7vElig8hTZHh0,HwJSQKA7drF37tqqAN6q6q]&timestamp={{timestamp}}&signature={{signature}}",
							"host": [
								"{{url}}"
							],
							"path": [
								"fapi",
								"v1",
								"batchOrders"
							],
							"query": [
								{
									"key": "symbol",
									"value": "BTCUSDT"
								},
								{
									"key": "orderIdList",
									"value": "[1221114054,1229719329]",
									"description": "[id,id]  no space in between",
									"disabled": true
								},
								{
									"key": "origClientOrderIdList",
									"value": "[IKDQAMirf7vElig8hTZHh0,HwJSQKA7drF37tqqAN6q6q]"
								},
								{
									"key": "timestamp",
									"value": "{{timestamp}}"
								},
								{
									"key": "signature",
									"value": "{{signature}}"
								}
							]
						}
					},
					"response": []
				},
				{
					"name": "Current All Open Orders (USER_DATA)",
					"event": [
						{
							"listen": "prerequest",
							"script": {
								"id": "7dab918e-4245-4e80-b76d-b7effd11e97a",
								"exec": [
									""
								],
								"type": "text/javascript"
							}
						}
					],
					"request": {
						"method": "GET",
						"header": [
							{
								"key": "Content-Type",
								"name": "Content-Type",
								"type": "text",
								"value": "application/json"
							},
							{
								"key": "X-MBX-APIKEY",
								"type": "text",
								"value": "{{binance-api-key}}"
							}
						],
						"url": {
							"raw": "{{url}}/fapi/v1/openOrders?symbol=BTCUSDT&timestamp={{timestamp}}&signature={{signature}}",
							"host": [
								"{{url}}"
							],
							"path": [
								"fapi",
								"v1",
								"openOrders"
							],
							"query": [
								{
									"key": "symbol",
									"value": "BTCUSDT"
								},
								{
									"key": "timestamp",
									"value": "{{timestamp}}"
								},
								{
									"key": "signature",
									"value": "{{signature}}"
								}
							]
						}
					},
					"response": []
				},
				{
					"name": "Query Current Open Order (USER_DATA)",
					"event": [
						{
							"listen": "prerequest",
							"script": {
								"id": "36d9f743-40a2-42ee-8f86-87b1807d219c",
								"exec": [
									""
								],
								"type": "text/javascript"
							}
						}
					],
					"request": {
						"method": "GET",
						"header": [
							{
								"key": "Content-Type",
								"name": "Content-Type",
								"type": "text",
								"value": "application/json"
							},
							{
								"key": "X-MBX-APIKEY",
								"type": "text",
								"value": "{{binance-api-key}}"
							}
						],
						"url": {
							"raw": "{{url}}/fapi/v1/openOrder?symbol=&orderId=&origClientOrderId&timestamp={{timestamp}}&signature={{signature}}",
							"host": [
								"{{url}}"
							],
							"path": [
								"fapi",
								"v1",
								"openOrder"
							],
							"query": [
								{
									"key": "symbol",
									"value": ""
								},
								{
									"key": "orderId",
									"value": ""
								},
								{
									"key": "origClientOrderId",
									"value": null
								},
								{
									"key": "timestamp",
									"value": "{{timestamp}}"
								},
								{
									"key": "signature",
									"value": "{{signature}}"
								}
							]
						}
					},
					"response": []
				},
				{
					"name": "All Orders",
					"event": [
						{
							"listen": "prerequest",
							"script": {
								"id": "07f2518d-ba93-417e-bee3-180574716ea1",
								"exec": [
									""
								],
								"type": "text/javascript"
							}
						}
					],
					"request": {
						"method": "GET",
						"header": [
							{
								"key": "Content-Type",
								"name": "Content-Type",
								"type": "text",
								"value": "application/json"
							},
							{
								"key": "X-MBX-APIKEY",
								"type": "text",
								"value": "{{binance-api-key}}"
							}
						],
						"url": {
							"raw": "{{url}}/fapi/v1/allOrders?symbol=&orderId=&startTime=&endTime=&limit=500&timestamp={{timestamp}}&signature={{signature}}",
							"host": [
								"{{url}}"
							],
							"path": [
								"fapi",
								"v1",
								"allOrders"
							],
							"query": [
								{
									"key": "symbol",
									"value": ""
								},
								{
									"key": "orderId",
									"value": ""
								},
								{
									"key": "startTime",
									"value": ""
								},
								{
									"key": "endTime",
									"value": ""
								},
								{
									"key": "limit",
									"value": "500",
									"description": "Default 500; max 1000."
								},
								{
									"key": "timestamp",
									"value": "{{timestamp}}"
								},
								{
									"key": "signature",
									"value": "{{signature}}"
								}
							]
						}
					},
					"response": []
				},
				{
					"name": "User's Force Orders (USER_DATA)",
					"event": [
						{
							"listen": "prerequest",
							"script": {
								"id": "6b5e2069-2a28-48e2-ac06-af99ab29ede0",
								"exec": [
									""
								],
								"type": "text/javascript"
							}
						}
					],
					"request": {
						"method": "GET",
						"header": [
							{
								"key": "Content-Type",
								"name": "Content-Type",
								"type": "text",
								"value": "application/json"
							},
							{
								"key": "X-MBX-APIKEY",
								"type": "text",
								"value": "{{binance-api-key}}"
							}
						],
						"url": {
							"raw": "{{url}}/fapi/v1/forceOrders?symbol=&autoCloseType=&startTime=&endTime=&limit=&timestamp={{timestamp}}&signature={{signature}}",
							"host": [
								"{{url}}"
							],
							"path": [
								"fapi",
								"v1",
								"forceOrders"
							],
							"query": [
								{
									"key": "symbol",
									"value": ""
								},
								{
									"key": "autoCloseType",
									"value": ""
								},
								{
									"key": "startTime",
									"value": ""
								},
								{
									"key": "endTime",
									"value": ""
								},
								{
									"key": "limit",
									"value": ""
								},
								{
									"key": "timestamp",
									"value": "{{timestamp}}"
								},
								{
									"key": "signature",
									"value": "{{signature}}"
								}
							]
						}
					},
					"response": []
				}
			],
			"protocolProfileBehavior": {}
		},
		{
			"name": "Trade",
			"item": [
				{
					"name": "Change Margin Type",
					"event": [
						{
							"listen": "prerequest",
							"script": {
								"id": "5247eece-2f6c-4274-9c98-f3ea42496ccb",
								"exec": [
									""
								],
								"type": "text/javascript"
							}
						}
					],
					"request": {
						"method": "POST",
						"header": [
							{
								"key": "Content-Type",
								"name": "Content-Type",
								"value": "application/json",
								"type": "text"
							},
							{
								"key": "X-MBX-APIKEY",
								"type": "text",
								"value": "{{binance-api-key}}"
							}
						],
						"url": {
							"raw": "{{url}}/fapi/v1/marginType?symbol=BTCUSDT&marginType=ISOLATED&timestamp={{timestamp}}&signature={{signature}}",
							"host": [
								"{{url}}"
							],
							"path": [
								"fapi",
								"v1",
								"marginType"
							],
							"query": [
								{
									"key": "symbol",
									"value": "BTCUSDT"
								},
								{
									"key": "marginType",
									"value": "ISOLATED"
								},
								{
									"key": "timestamp",
									"value": "{{timestamp}}"
								},
								{
									"key": "signature",
									"value": "{{signature}}"
								}
							]
						}
					},
					"response": []
				},
				{
					"name": "Change Initial Leverage",
					"event": [
						{
							"listen": "prerequest",
							"script": {
								"id": "91240ee3-4e8c-4de8-878d-d21cb010d104",
								"exec": [
									""
								],
								"type": "text/javascript"
							}
						}
					],
					"request": {
						"method": "POST",
						"header": [
							{
								"key": "Content-Type",
								"name": "Content-Type",
								"type": "text",
								"value": "application/json"
							},
							{
								"key": "X-MBX-APIKEY",
								"type": "text",
								"value": "{{binance-api-key}}"
							}
						],
						"url": {
							"raw": "{{url}}/fapi/v1/leverage?symbol=BTCUSDT&leverage=20&timestamp={{timestamp}}&signature={{signature}}",
							"host": [
								"{{url}}"
							],
							"path": [
								"fapi",
								"v1",
								"leverage"
							],
							"query": [
								{
									"key": "symbol",
									"value": "BTCUSDT"
								},
								{
									"key": "leverage",
									"value": "20"
								},
								{
									"key": "timestamp",
									"value": "{{timestamp}}"
								},
								{
									"key": "signature",
									"value": "{{signature}}"
								}
							]
						}
					},
					"response": []
				},
				{
					"name": "Modify Isolated Position Margin",
					"event": [
						{
							"listen": "prerequest",
							"script": {
								"id": "32946918-f836-4f03-8c38-9ff1b3ea9df0",
								"exec": [
									""
								],
								"type": "text/javascript"
							}
						}
					],
					"request": {
						"method": "POST",
						"header": [
							{
								"key": "Content-Type",
								"name": "Content-Type",
								"type": "text",
								"value": "application/json"
							},
							{
								"key": "X-MBX-APIKEY",
								"type": "text",
								"value": "{{binance-api-key}}"
							}
						],
						"url": {
							"raw": "{{url}}/fapi/v1/positionMargin?symbol=BTCUSDT&positionSide=&amount=100&type=1&timestamp={{timestamp}}&signature={{signature}}",
							"host": [
								"{{url}}"
							],
							"path": [
								"fapi",
								"v1",
								"positionMargin"
							],
							"query": [
								{
									"key": "symbol",
									"value": "BTCUSDT"
								},
								{
									"key": "positionSide",
									"value": "",
									"description": "Default BOTH for One-way Mode ; \nLONG or SHORT for Hedge Mode. It must be sent with Hedge Mode."
								},
								{
									"key": "amount",
									"value": "100"
								},
								{
									"key": "type",
									"value": "1"
								},
								{
									"key": "timestamp",
									"value": "{{timestamp}}"
								},
								{
									"key": "signature",
									"value": "{{signature}}"
								}
							]
						}
					},
					"response": []
				},
				{
					"name": "Get Postion Margin Change History",
					"event": [
						{
							"listen": "prerequest",
							"script": {
								"id": "fc9852f3-7c1a-40ea-9450-74fb9c573ce4",
								"exec": [
									""
								],
								"type": "text/javascript"
							}
						}
					],
					"request": {
						"method": "GET",
						"header": [
							{
								"key": "Content-Type",
								"name": "Content-Type",
								"type": "text",
								"value": "application/json"
							},
							{
								"key": "X-MBX-APIKEY",
								"type": "text",
								"value": "{{binance-api-key}}"
							}
						],
						"url": {
							"raw": "{{url}}/fapi/v1/positionMargin/history?symbol=BTCUSDT&type=1&startTime=&endTime=&limit=500&timestamp={{timestamp}}&signature={{signature}}",
							"host": [
								"{{url}}"
							],
							"path": [
								"fapi",
								"v1",
								"positionMargin",
								"history"
							],
							"query": [
								{
									"key": "symbol",
									"value": "BTCUSDT"
								},
								{
									"key": "type",
									"value": "1"
								},
								{
									"key": "startTime",
									"value": ""
								},
								{
									"key": "endTime",
									"value": ""
								},
								{
									"key": "limit",
									"value": "500"
								},
								{
									"key": "timestamp",
									"value": "{{timestamp}}"
								},
								{
									"key": "signature",
									"value": "{{signature}}"
								}
							]
						}
					},
					"response": []
				},
				{
					"name": "Change Position Mode（TRADE）",
					"event": [
						{
							"listen": "prerequest",
							"script": {
								"id": "37266432-4b65-4497-af63-2ca628ef48ed",
								"exec": [
									""
								],
								"type": "text/javascript"
							}
						}
					],
					"request": {
						"method": "POST",
						"header": [
							{
								"key": "Content-Type",
								"name": "Content-Type",
								"type": "text",
								"value": "application/json"
							},
							{
								"key": "X-MBX-APIKEY",
								"type": "text",
								"value": "{{binance-api-key}}"
							}
						],
						"url": {
							"raw": "{{url}}/fapi/v1/positionSide/dual?dualSidePosition=&timestamp={{timestamp}}&signature={{signature}}",
							"host": [
								"{{url}}"
							],
							"path": [
								"fapi",
								"v1",
								"positionSide",
								"dual"
							],
							"query": [
								{
									"key": "dualSidePosition",
									"value": "",
									"description": "Boolean value. \"true\": Hedge Mode mode; \"false\": One-way Mode"
								},
								{
									"key": "timestamp",
									"value": "{{timestamp}}"
								},
								{
									"key": "signature",
									"value": "{{signature}}"
								}
							]
						}
					},
					"response": []
				},
				{
					"name": "Get Current Position Mode（USER_DATA）",
					"event": [
						{
							"listen": "prerequest",
							"script": {
								"id": "cd08e1a8-c241-42d1-b730-9b0edf086fc9",
								"exec": [
									""
								],
								"type": "text/javascript"
							}
						}
					],
					"request": {
						"method": "GET",
						"header": [
							{
								"key": "Content-Type",
								"name": "Content-Type",
								"type": "text",
								"value": "application/json"
							},
							{
								"key": "X-MBX-APIKEY",
								"type": "text",
								"value": "{{binance-api-key}}"
							}
						],
						"url": {
							"raw": "{{url}}/fapi/v1/positionSide/dual?timestamp={{timestamp}}&signature={{signature}}",
							"host": [
								"{{url}}"
							],
							"path": [
								"fapi",
								"v1",
								"positionSide",
								"dual"
							],
							"query": [
								{
									"key": "timestamp",
									"value": "{{timestamp}}"
								},
								{
									"key": "signature",
									"value": "{{signature}}"
								}
							]
						}
					},
					"response": []
				},
				{
					"name": "User API Trading Quantitative Rules Indicators (USER_DATA)",
					"event": [
						{
							"listen": "prerequest",
							"script": {
								"id": "2fbaf78d-f8ff-4448-b477-4a279e87e964",
								"exec": [
									""
								],
								"type": "text/javascript"
							}
						}
					],
					"request": {
						"method": "GET",
						"header": [
							{
								"key": "Content-Type",
								"name": "Content-Type",
								"type": "text",
								"value": "application/json"
							},
							{
								"key": "X-MBX-APIKEY",
								"type": "text",
								"value": "{{binance-api-key}}"
							}
						],
						"url": {
							"raw": "{{url}}/fapi/v1/apiTradingStatus?symbol=&timestamp={{timestamp}}&signature={{signature}}",
							"host": [
								"{{url}}"
							],
							"path": [
								"fapi",
								"v1",
								"apiTradingStatus"
							],
							"query": [
								{
									"key": "symbol",
									"value": ""
								},
								{
									"key": "timestamp",
									"value": "{{timestamp}}"
								},
								{
									"key": "signature",
									"value": "{{signature}}"
								}
							]
						}
					},
					"response": []
				}
			],
			"protocolProfileBehavior": {}
		},
		{
			"name": "Data Stream",
			"item": [
				{
					"name": "Create New Listen Key",
					"request": {
						"method": "POST",
						"header": [
							{
								"key": "Content-Type",
								"type": "text",
								"value": "application/json"
							},
							{
								"key": "X-MBX-APIKEY",
								"type": "text",
								"value": "{{binance-api-key}}"
							}
						],
						"url": {
							"raw": "{{url}}/fapi/v1/listenKey",
							"host": [
								"{{url}}"
							],
							"path": [
								"fapi",
								"v1",
								"listenKey"
							]
						}
					},
					"response": []
				},
				{
					"name": "Renew Listen Key",
					"request": {
						"method": "PUT",
						"header": [
							{
								"key": "Content-Type",
								"type": "text",
								"value": "application/json"
							},
							{
								"key": "X-MBX-APIKEY",
								"type": "text",
								"value": "{{binance-api-key}}"
							}
						],
						"url": {
							"raw": "{{url}}/fapi/v1/listenKey",
							"host": [
								"{{url}}"
							],
							"path": [
								"fapi",
								"v1",
								"listenKey"
							]
						}
					},
					"response": []
				},
				{
					"name": "Delete Listen Key",
					"request": {
						"method": "DELETE",
						"header": [
							{
								"key": "Content-Type",
								"type": "text",
								"value": "application/json"
							},
							{
								"key": "X-MBX-APIKEY",
								"type": "text",
								"value": "{{binance-api-key}}"
							}
						],
						"url": {
							"raw": "{{url}}/fapi/v1/listenKey",
							"host": [
								"{{url}}"
							],
							"path": [
								"fapi",
								"v1",
								"listenKey"
							]
						}
					},
					"response": []
				}
			],
			"protocolProfileBehavior": {}
		},
		{
			"name": "V2",
			"item": [
				{
					"name": "Account",
					"item": [
						{
							"name": "Position Information(USER_DATA)",
							"event": [
								{
									"listen": "prerequest",
									"script": {
										"id": "6606969d-3289-424b-8cd7-7bdddd2ae522",
										"exec": [
											"",
											""
										],
										"type": "text/javascript"
									}
								}
							],
							"request": {
								"method": "GET",
								"header": [
									{
										"key": "Content-Type",
										"type": "text",
										"value": "application/json"
									},
									{
										"key": "X-MBX-APIKEY",
										"type": "text",
										"value": "{{binance-api-key}}"
									}
								],
								"url": {
									"raw": "{{url}}/fapi/v2/positionRisk?symbol=&timestamp={{timestamp}}&signature={{signature}}",
									"host": [
										"{{url}}"
									],
									"path": [
										"fapi",
										"v2",
										"positionRisk"
									],
									"query": [
										{
											"key": "symbol",
											"value": ""
										},
										{
											"key": "timestamp",
											"value": "{{timestamp}}"
										},
										{
											"key": "signature",
											"value": "{{signature}}"
										}
									]
								}
							},
							"response": []
						},
						{
							"name": "Account Balance",
							"event": [
								{
									"listen": "prerequest",
									"script": {
										"id": "a43bc256-8e8a-4761-9a68-cf29371a95a3",
										"exec": [
											"",
											""
										],
										"type": "text/javascript"
									}
								}
							],
							"request": {
								"method": "GET",
								"header": [
									{
										"key": "Content-Type",
										"type": "text",
										"value": "application/json"
									},
									{
										"key": "X-MBX-APIKEY",
										"type": "text",
										"value": "{{binance-api-key}}"
									}
								],
								"url": {
									"raw": "{{url}}/fapi/v2/balance?timestamp={{timestamp}}&signature={{signature}}",
									"host": [
										"{{url}}"
									],
									"path": [
										"fapi",
										"v2",
										"balance"
									],
									"query": [
										{
											"key": "timestamp",
											"value": "{{timestamp}}"
										},
										{
											"key": "signature",
											"value": "{{signature}}"
										}
									]
								}
							},
							"response": []
						},
						{
							"name": "Account Information",
							"event": [
								{
									"listen": "prerequest",
									"script": {
										"id": "36c54a13-8726-4979-bff1-3bae8c8a46f6",
										"exec": [
											"",
											""
										],
										"type": "text/javascript"
									}
								}
							],
							"request": {
								"method": "GET",
								"header": [
									{
										"key": "Content-Type",
										"type": "text",
										"value": "application/json"
									},
									{
										"key": "X-MBX-APIKEY",
										"type": "text",
										"value": "{{binance-api-key}}"
									}
								],
								"url": {
									"raw": "{{url}}/fapi/v2/account?timestamp={{timestamp}}&signature={{signature}}",
									"host": [
										"{{url}}"
									],
									"path": [
										"fapi",
										"v2",
										"account"
									],
									"query": [
										{
											"key": "timestamp",
											"value": "{{timestamp}}"
										},
										{
											"key": "signature",
											"value": "{{signature}}"
										}
									]
								}
							},
							"response": []
						}
					],
					"protocolProfileBehavior": {},
					"_postman_isSubFolder": true
				}
			],
			"protocolProfileBehavior": {}
		}
	],
	"event": [
		{
			"listen": "prerequest",
			"script": {
				"id": "73c46ce3-821c-4424-a988-2879e7105bad",
				"type": "text/javascript",
				"exec": [
					"const ts  = Date.now();",
					"pm.environment.set(\"timestamp\", ts);",
					"",
					"let paramsObject = {};",
					"",
					"const binance_api_secret = pm.environment.get(\"binance-api-secret\");",
					"",
					"const parameters = pm.request.url.query;",
					"",
					"parameters.map((param) => {",
					"    if (param.key != 'signature' && ",
					"        param.key != 'timestamp' && ",
					"        !is_empty(param.value) &&",
					"        !is_disabled(param.disabled)) {",
					"            paramsObject[param.key] = param.value;",
					"    }",
					"})",
					"        ",
					"Object.assign(paramsObject, {'timestamp': ts});",
					"",
					"if (binance_api_secret) {",
					"    const queryString = Object.keys(paramsObject).map((key) => {",
					"        return `${encodeURIComponent(key)}=${paramsObject[key]}`;",
					"    }).join('&');",
					"    console.log(queryString);",
					"    const signature = CryptoJS.HmacSHA256(queryString, binance_api_secret).toString();",
					"    pm.environment.set(\"signature\", signature);",
					"}",
					"",
					"function is_disabled(str) {",
					"    return str == true;",
					"}",
					"",
					"function is_empty(str) {",
					"    if (typeof str == 'undefined' ||",
					"        !str || ",
					"        str.length === 0 || ",
					"        str === \"\" ||",
					"        !/[^\\s]/.test(str) ||",
					"        /^\\s*$/.test(str) ||",
					"        str.replace(/\\s/g,\"\") === \"\")",
					"    {",
					"        return true;",
					"    }",
					"    else",
					"    {",
					"        return false;",
					"    }",
					"}"
				]
			}
		},
		{
			"listen": "test",
			"script": {
				"id": "226a0392-bead-4106-893c-87f82aa1c8ca",
				"type": "text/javascript",
				"exec": [
					""
				]
			}
		}
	],
	"protocolProfileBehavior": {}
}